key
2|AAA
2|AAC
2|AGC
2|ATG
2|ATT
2|CAG
2|CAT
2|CCG
2|CGC
2|CTG
2|GAA
2|GAT
2|GCG
2|GGC
2|GTG
2|TAT
2|TGC
2|TGG
2|TTT
3|AAA
3|AAC
3|ACC
3|AGC
3|ATG
3|ATT
3|CAG
3|CAT
3|CCG
3|CGC
3|CTG
3|GAT
3|GCG
3|GGC
3|GTG
3|TAT
3|TGC
3|TGG
3|TTT
4|AAA
4|AAC
4|ACC
4|AGC
4|ATG
4|ATT
4|CAG
4|CAT
4|CCG
4|CGC
4|CTG
4|GAA
4|GAT
4|GCG
4|GGC
4|GTG
4|TGC
4|TGG
4|TTT
5|AAC
5|ACC
5|AGC
5|ATG
5|ATT
5|CAG
5|CAT
5|CCG
5|CGC
5|CTG
5|GAA
5|GAT
5|GCG
5|GGC
5|GTG
5|TAT
5|TGC
5|TGG
5|TTT
6|AAA
6|AAC
6|ACC
6|AGC
6|ATG
6|ATT
6|CAG
6|CAT
6|CCG
6|CGT
6|GAA
6|GAT
6|GCG
6|GGC
6|GTG
6|TAT
6|TGC
6|TGG
6|TTT
7|AAA
7|AAC
7|ACC
7|AGC
7|ATG
7|ATT
7|CAG
7|CAT
7|CCG
7|CGC
7|CTG
7|GAA
7|GAT
7|GCG
7|GGC
7|TAT
7|TGC
7|TGG
7|TTT
8|AAA
8|AAC
8|ACC
8|AGC
8|ATG
8|ATT
8|CAG
8|CAT
8|CCG
8|CGC
8|CTG
8|GAA
8|GAT
8|GCG
8|GGC
8|TAT
8|TGC
8|TGG
8|TTT
9|AAA
9|AAC
9|ACC
9|AGC
9|ATG
9|ATT
9|CAG
9|CAT
9|CCG
9|CGC
9|CTG
9|GAA
9|GAT
9|GCG
9|GGC
9|TAT
9|TGC
9|TGG
9|TTT
10|AAA
10|AAC
10|ACC
10|AGC
10|ATG
10|ATT
10|CAG
10|CAT
10|CCG
10|CGC
10|CTG
10|GAA
10|GAT
10|GCG
10|GTG
10|TAT
10|TGC
10|TGG
10|TTT
11|AAA
11|AAC
11|ACC
11|AGC
11|ATG
11|ATT
11|CAG
11|CAT
11|CCG
11|CGC
11|CTG
11|GAA
11|GAT
11|GGC
11|GTG
11|TAT
11|TGC
11|TGG
11|TTT
12|AAA
12|AAC
12|ACC
12|ATG
12|ATT
12|CAG
12|CAT
12|CCG
12|CGC
12|CTG
12|GAA
12|GGT
12|GGC
12|GCG
12|GTG
12|TAT
12|TCG
12|TGC
12|TGG
12|TTT
13|AAA
13|AAC
13|ACC
13|AGC
13|ATG
13|ATT
13|CAG
13|CAT
13|CCG
13|CGC
13|CTG
13|GAA
13|GAT
13|GCG
13|GTG
13|TAT
13|TGC
13|TGG
13|TTT
14|AAA
14|AAC
14|ACC
14|AGC
14|ATG
14|ATT
14|CAG
14|CAT
14|CCG
14|CGC
14|CTG
14|GAA
14|GAT
14|GCG
14|GGC
14|TAT
14|TGC
14|TGG
14|TTT
15|AAA
15|AAC
15|ACC
15|AGC
15|ATG
15|ATT
15|CAG
15|CAT
15|CCG
15|CGC
15|CTG
15|GAA
15|GAT
15|GCG
15|GTG
15|TAT
15|TGC
15|TGG
15|TTT
16|AAC
16|ACC
16|AGC
16|ATG
16|ATT
16|CAG
16|CAT
16|CCG
16|CGC
16|CTG
16|GAA
16|GAT
16|GCG
16|GGC
16|GTG
16|TAT
16|TGC
16|TGG
16|TTT
17|AAA
17|AAC
17|ACC
17|ATG
17|ATT
17|CAG
17|CAT
17|CCG
17|CGC
17|CTG
17|GAA
17|GAT
17|GCG
17|GGC
17|GTG
17|TAT
17|TGC
17|TGG
17|TTT
18|AAA
18|AAC
18|ACC
18|AGC
18|ATG
18|ATT
18|CAG
18|CAT
18|CCG
18|CGC
18|CTG
18|GAA
18|GAT
18|GGC
18|GTG
18|TAT
18|TGC
18|TGG
18|TTT
19|AAA
19|AAC
19|ACC
19|AGC
19|ATG
19|ATT
19|CAG
19|CAT
19|CCG
19|CGC
19|GAA
19|GAT
19|GCG
19|GGC
19|GTG
19|TAT
19|TGC
19|TGG
19|TTT
20|AAA
20|AAC
20|AGC
20|ATG
20|ATT
20|CAG
20|CAT
20|CCG
20|CGC
20|CTG
20|GAA
20|GAT
20|GCG
20|GGC
20|GTG
20|TAT
20|TGC
20|TGG
20|TTT
21|AAA
21|AAC
21|ACC
21|AGC
21|ATG
21|CAG
21|CAT
21|CCG
21|CGC
21|CTG
21|GAA
21|GAT
21|GCG
21|GGC
21|GTG
21|TAT
21|TGC
21|TGG
21|TTT
22|AAA
22|AAC
22|ACC
22|AGC
22|ATG
22|ATT
22|CAT
22|CCG
22|CGC
22|CTG
22|GAA
22|GAC
22|GCG
22|GGC
22|GTG
22|TAT
22|TGC
22|TGG
22|TTT
23|AAA
23|AAC
23|ACC
23|AGC
23|ATG
23|ATT
23|CAG
23|CAT
23|CCG
23|CGC
23|GAA
23|GAT
23|GCG
23|GGC
23|GTG
23|TAT
23|TGC
23|TGG
23|TTT
24|AAA
24|AAC
24|ACC
24|AGC
24|ATG
24|CAG
24|CAT
24|CCG
24|CGC
24|CTG
24|GAA
24|GAT
24|GGC
24|GTG
24|TAT
24|TGC
24|TGG
24|TTT
25|AAA
25|AAC
25|ACC
25|AGC
25|ATG
25|ATT
25|CAT
25|CCG
25|CGC
25|CTG
25|GAA
25|GAT
25|GCG
25|GGC
25|GTG
25|TAT
25|TGC
25|TGG
25|TTT
26|AAA
26|ACC
26|AGC
26|ATG
26|ATT
26|CAG
26|CAT
26|CCG
26|CGC
26|CTG
26|GAA
26|GAT
26|GCG
26|GGC
26|GTG
26|TAT
26|TGC
26|TGG
26|TTT
27|AAA
27|AAC
27|ACC
27|AGC
27|ATG
27|ATT
27|CAG
27|CCG
27|CGC
27|CTG
27|GAA
27|GAT
27|GCG
27|GGC
27|GTG
27|TAT
27|TGC
27|TGG
27|TTT
28|AAA
28|AAC
28|ACC
28|AGC
28|ATG
28|ATT
28|CAG
28|CAT
28|CCG
28|CGC
28|CTG
28|GAA
28|GAT
28|GCG
28|GGC
28|GTG
28|TAT
28|TGC
28|TGG
29|AAA
29|AAC
29|ACC
29|AGC
29|ATG
29|ATT
29|CAG
29|CAT
29|CCG
29|CGC
29|CTG
29|GAA
29|GAT
29|GCG
29|GGC
29|TAT
29|TGC
29|TGG
29|TTT
30|AAA
30|AAC
30|ACC
30|AGC
30|ATG
30|ATT
30|CAG
30|CAT
30|CCG
30|CGC
30|CTG
30|GAA
30|GCG
30|GGC
30|GTG
30|TAT
30|TGC
30|TGG
30|TTT
31|AAA
31|AAC
31|ACC
31|AGC
31|ATG
31|ATT
31|CAG
31|CAT
31|CCG
31|CGC
31|CTG
31|GAT
31|GCC
31|GGC
31|GTG
31|TAT
31|TGC
31|TGG
31|TTT
32|AAA
32|AAC
32|ACC
32|AGC
32|ATT
32|CAA
32|CAT
32|CCT
32|CGC
32|GAA
32|GAT
32|GCC
32|GGC
32|GTT
32|TGC
32|TTA
32|TTT
33|AAA
33|AAC
33|ACC
33|AGC
33|ATG
33|ATT
33|CAG
33|CAT
33|CCG
33|CGC
33|CTG
33|GAA
33|GCG
33|GGC
33|GTG
33|TAT
33|TGC
33|TGG
33|TTT
34|AAA
34|AAC
34|ACC
34|AGC
34|ATG
34|ATT
34|CAG
34|CAT
34|CGC
34|CTG
34|GAA
34|GAT
34|GCG
34|GGC
34|GTG
34|TAT
34|TGC
34|TGG
34|TTT
35|AAA
35|AAC
35|AGC
35|ATG
35|ATT
35|CAG
35|CAT
35|CCG
35|CGC
35|CTG
35|GAA
35|GAT
35|GCG
35|GGC
35|GTG
35|TAT
35|TGC
35|TGG
35|TTT
36|AAA
36|AAC
36|ACC
36|AGC
36|ATG
36|CAG
36|CAT
36|CCG
36|CGC
36|CTG
36|GAA
36|GAT
36|GCG
36|GGC
36|GTG
36|TAT
36|TGC
36|TGG
36|TTT
37|AAA
37|AAC
37|ACC
37|AGC
37|ATG
37|ATT
37|CAG
37|CAT
37|CCG
37|CGC
37|CTG
37|GAT
37|GCG
37|GGC
37|GTG
37|TAT
37|TGC
37|TGG
37|TTT
38|AAA
38|AAC
38|ACC
38|AGC
38|ATG
38|ATT
38|CAG
38|CAT
38|CCG
38|CGC
38|CTG
38|GAA
38|GCG
38|GGC
38|GTG
38|TAT
38|TGC
38|TGG
38|TTT
39|AAA
39|AAC
39|ACC
39|ATG
39|ATT
39|CAG
39|CAT
39|CGC
39|CTG
39|GAA
39|GAT
39|GCG
39|GGC
39|GTG
39|TAT
39|TGC
39|TGG
39|TTT
40|AAA
40|AAC
40|ACC
40|AGC
40|ATG
40|ATT
40|CAG
40|CAT
40|CCG
40|CGC
40|CTG
40|GAA
40|GAT
40|GCG
40|GGC
40|GTG
40|TGC
40|TGG
40|TTT
41|AAA
41|AAC
41|ACC
41|AGC
41|ATG
41|ATT
41|CAG
41|CAT
41|CCG
41|CTG
41|GAA
41|GAT
41|GCG
41|GGC
41|GTG
41|TAT
41|TGC
41|TGG
41|TTT
42|AAC
42|ACC
42|AGC
42|ATG
42|ATT
42|CAG
42|CAT
42|CCG
42|CGC
42|CTG
42|GAA
42|GAT
42|GCG
42|GGC
42|GTG
42|TAT
42|TGC
42|TGG
42|TTT
43|AAA
43|AAC
43|ACC
43|AGC
43|ATG
43|ATT
43|CAT
43|CCG
43|CGC
43|CTG
43|GAA
43|GAT
43|GCG
43|GGC
43|GTG
43|TAT
43|TGC
43|TGG
43|TTT
44|AAA
44|AAC
44|ACC
44|AGC
44|ATG
44|ATT
44|CAG
44|CAT
44|CCG
44|CGT
44|CTG
44|GAA
44|GAT
44|GCG
44|GGC
44|TAT
44|TGC
44|TGG
44|TTT
45|AAA
45|AAC
45|ACC
45|AGC
45|ATG
45|ATT
45|CAG
45|CAT
45|CCG
45|CGC
45|CTG
45|GAA
45|GAT
45|GCG
45|GGC
45|TAT
45|TGC
45|TGG
45|TTT
46|AAA
46|AAC
46|ACC
46|AGC
46|ATG
46|CAG
46|CAT
46|CCG
46|CGC
46|CTG
46|GAA
46|GAT
46|GCG
46|GGC
46|GTG
46|TAT
46|TGC
46|TGG
46|TTT
47|AAA
47|AAC
47|ACC
47|AGC
47|ATG
47|ATT
47|CAG
47|CAT
47|CCG
47|CGC
47|CTG
47|GAA
47|GCG
47|GGC
47|GTG
47|TAT
47|TGC
47|TGG
47|TTT
48|AAA
48|AAC
48|ACC
48|AGC
48|ATG
48|ATT
48|CAG
48|CAT
48|CCG
48|CGC
48|CTG
48|GAA
48|GAT
48|GCG
48|GTG
48|TAT
48|TGC
48|TGG
48|TTT
49|AAA
49|AAC
49|ACC
49|AGC
49|ATG
49|ATT
49|CAG
49|CAT
49|CCG
49|CGC
49|CTG
49|GAT
49|GCG
49|GGC
49|GTG
49|TAT
49|TGC
49|TGG
49|TTT
50|AAA
50|AAC
50|AGC
50|ATG
50|ATT
50|CAG
50|CAT
50|CCG
50|CGC
50|CTG
50|GAA
50|GAT
50|GCG
50|GGC
50|GTG
50|TAT
50|TGC
50|TGG
50|TTT
51|AAA
51|AAC
51|ACC
51|AGC
51|ATG
51|ATT
51|CAG
51|CAT
51|CCG
51|CGC
51|CTG
51|GAA
51|GAT
51|GCG
51|GGC
51|GTG
51|TAT
51|TGG
51|TTT
52|AAA
52|AAC
52|ACC
52|AGC
52|ATG
52|ATT
52|CAG
52|CAT
52|CCG
52|CGC
52|GAA
52|GAT
52|GCG
52|GGC
52|GTG
52|TAT
52|TGC
52|TGG
52|TTT
53|AAA
53|AAC
53|ACC
53|AGC
53|ATG
53|ATT
53|CAG
53|CAT
53|CCG
53|CGC
53|GAA
53|GAT
53|GCG
53|GGC
53|GTG
53|TAT
53|TGC
53|TGG
53|TTT
54|AAA
54|AAC
54|ACC
54|AGC
54|ATG
54|ATT
54|CAG
54|CAT
54|CCG
54|CGC
54|CTG
54|GAA
54|GCG
54|GGC
54|GTG
54|TAT
54|TGC
54|TGG
54|TTT
55|AAA
55|AAC
55|ACC
55|AGC
55|ATG
55|CAG
55|CAT
55|CGC
55|CTG
55|GAA
55|GAT
55|GCG
55|GGC
55|GTG
55|TAT
55|TGC
55|TGG
55|TTT
56|AAA
56|AAC
56|ACC
56|AGC
56|ATG
56|ATT
56|CAG
56|CAT
56|CCG
56|CGC
56|GAA
56|GAT
56|GCG
56|GGC
56|GTG
56|TAT
56|TGC
56|TGG
56|TTT
57|AAA
57|AAC
57|ACC
57|AGC
57|ATG
57|ATT
57|CAG
57|CAT
57|CCG
57|CGC
57|CTG
57|GAA
57|GCG
57|GGC
57|GTG
57|TAT
57|TGC
57|TGG
57|TTT
58|AAA
58|AAC
58|AGC
58|ATG
58|ATT
58|CAG
58|CAT
58|CCG
58|CGC
58|CTG
58|GAA
58|GAT
58|GCG
58|GGC
58|GTG
58|TAT
58|TGC
58|TGG
58|TTT
59|AAA
59|AAC
59|ACC
59|AGC
59|ATG
59|ATT
59|CAG
59|CAT
59|CCG
59|CGC
59|CTG
59|GAA
59|GAT
59|GGC
59|GTG
59|TAT
59|TGC
59|TGG
59|TTT
60|AAA
60|AAC
60|ACC
60|AGC
60|ATG
60|ATT
60|CAG
60|CAT
60|CCG
60|CGC
60|CTG
60|GAA
60|GAT
60|GCG
60|GTG
60|TAT
60|TGC
60|TGG
60|TTT
61|AAA
61|AAC
61|ACC
61|AGC
61|ATG
61|ATT
61|CAT
61|CCG
61|CGC
61|CTG
61|GAA
61|GAT
61|GCG
61|GGC
61|GTG
61|TAT
61|TGC
61|TGG
61|TTT
62|AAA
62|AAC
62|ACC
62|AGC
62|ATG
62|ATT
62|CAG
62|CAT
62|CCG
62|CGC
62|CTG
62|GAT
62|GCG
62|GGC
62|GTG
62|TAT
62|TGC
62|TGG
62|TTT
63|AAA
63|AAC
63|ACC
63|AGC
63|ATG
63|ATT
63|CAG
63|CAT
63|CCG
63|CGC
63|CTG
63|GAT
63|GCG
63|GGC
63|GTG
63|TAT
63|TGC
63|TGG
63|TTT
64|AAA
64|AAC
64|ACC
64|AGC
64|ATG
64|ATT
64|CAG
64|CAT
64|CCG
64|CGC
64|CTG
64|GAA
64|GAT
64|GCG
64|GGC
64|GTG
64|TGC
64|TGG
64|TTT
65|AAA
65|AAC
65|ACC
65|ATG
65|ATT
65|CAG
65|CAT
65|CCG
65|CGC
65|CTG
65|GAA
65|GAT
65|GCG
65|GGC
65|GTG
65|TAT
65|TGC
65|TGG
65|TTT
66|AAA
66|AAC
66|ACC
66|AGC
66|ATG
66|ATT
66|CAG
66|CAT
66|CCG
66|CGC
66|CTG
66|GAA
66|GAT
66|GGC
66|GTG
66|TAT
66|TGC
66|TGG
66|TTT
67|AAA
67|AAC
67|ACC
67|AGC
67|ATT
67|CAG
67|CAT
67|CCG
67|CGC
67|CTG
67|GAA
67|GAT
67|GCG
67|GGC
67|GTG
67|TAT
67|TGC
67|TGG
67|TTT
68|AAA
68|AAC
68|ACC
68|AGC
68|ATG
68|ATT
68|CAG
68|CAT
68|CCG
68|CTG
68|GAA
68|GAT
68|GCG
68|GGC
68|GTG
68|TAT
68|TGC
68|TGG
68|TTT
69|AAA
69|AAC
69|ACC
69|AGC
69|ATG
69|ATT
69|CAG
69|CAT
69|CCG
69|CGC
69|CTG
69|GAA
69|GCG
69|GGC
69|GTG
69|TAT
69|TGC
69|TGG
69|TTT
70|AAA
70|AAC
70|ACC
70|AGC
70|ATG
70|ATT
70|CAT
70|CCG
70|CGC
70|CTG
70|GAA
70|GAT
70|GCC
70|GGC
70|GTG
70|TAT
70|TGC
70|TGG
70|TTT
71|AAA
71|AAC
71|ACC
71|AGC
71|ATG
71|ATT
71|CAG
71|CAT
71|CCG
71|CGC
71|CTG
71|GAA
71|GAT
71|GCG
71|GGC
71|GTG
71|TGC
71|TGG
71|TTT
72|AAA
72|AAC
72|ACC
72|AGC
72|ATT
72|CAG
72|CAT
72|CCG
72|CGC
72|CTG
72|GAA
72|GAT
72|GCG
72|GGC
72|GTG
72|TAT
72|TGC
72|TGG
72|TTT
73|AAA
73|AAC
73|ACC
73|AGC
73|ATG
73|ATT
73|CAG
73|CAT
73|CCG
73|CTG
73|GAA
73|GAT
73|GCG
73|GGC
73|GTG
73|TAT
73|TGC
73|TGG
73|TTT
74|AAA
74|AAC
74|AGC
74|ATG
74|ATT
74|CAG
74|CAT
74|CCG
74|CGC
74|CTG
74|GAA
74|GAT
74|GCG
74|GGC
74|GTG
74|TAT
74|TGC
74|TGG
74|TTT
75|AAA
75|AAC
75|ACC
75|AGC
75|ATG
75|ATT
75|CAG
75|CAT
75|CCG
75|CGC
75|CTG
75|GAA
75|GAT
75|GCG
75|GTG
75|TAT
75|TGC
75|TGG
75|TTT
76|AAA
76|AAC
76|ACC
76|AGC
76|ATG
76|ATT
76|CAG
76|CAT
76|CCG
76|CGC
76|CTG
76|GAT
76|GCG
76|GGC
76|GTG
76|TAT
76|TGC
76|TGG
76|TTT
77|AAA
77|AAC
77|ACC
77|AGC
77|ATG
77|ATT
77|CAG
77|CAT
77|CCG
77|CGC
77|CTG
77|GAA
77|GAT
77|GCG
77|GTG
77|TAT
77|TGC
77|TGG
77|TTT
78|AAA
78|AAC
78|ACC
78|AGC
78|ATG
78|ATT
78|CAG
78|CAT
78|CCG
78|CGC
78|CTG
78|GAA
78|GAT
78|GCG
78|GGC
78|GTG
78|TAT
78|TGC
78|TGG
79|AAA
79|AAC
79|ACC
79|AGC
79|ATG
79|ATT
79|CAG
79|CAT
79|CCG
79|CGC
79|GAA
79|GAT
79|GCG
79|GGC
79|GTG
79|TAT
79|TGC
79|TGG
79|TTT
80|AAA
80|AAC
80|ACC
80|AGC
80|ATG
80|ATT
80|CAG
80|CAT
80|CCG
80|CGC
80|CTG
80|GAA
80|GAT
80|GCG
80|GGC
80|GTG
80|TAT
80|TGG
80|TTT
81|AAA
81|AAC
81|ACC
81|AGC
81|ATG
81|ATT
81|CAG
81|CAT
81|CCG
81|CGC
81|CTG
81|GAA
81|GAT
81|GCG
81|GGC
81|TAT
81|TGC
81|TGG
81|TTT
82|AAA
82|AAC
82|ACC
82|AGC
82|ATG
82|ATT
82|CAG
82|CAT
82|CCG
82|CGC
82|CTG
82|GAA
82|GAT
82|GCG
82|GGC
82|GTG
82|TAT
82|TGC
82|TGG
83|AAA
83|AAC
83|ACC
83|AGC
83|ATG
83|ATT
83|CAG
83|CAT
83|CCG
83|CGC
83|CTG
83|GAA
83|GAT
83|GGC
83|GTG
83|TAT
83|TGC
83|TGG
83|TTT
84|AAA
84|AAC
84|ACC
84|AGC
84|ATG
84|CAG
84|CAT
84|CCG
84|CGC
84|CTG
84|GAA
84|GAT
84|GCG
84|GGC
84|GTG
84|TAT
84|TGC
84|TGG
84|TTT
85|AAA
85|ACC
85|AGC
85|ATG
85|ATT
85|CAG
85|CAT
85|CCG
85|CGC
85|CTG
85|GAA
85|GAT
85|GCG
85|GGC
85|GTG
85|TAT
85|TGC
85|TGG
85|TTT
86|AAA
86|ACC
86|AGC
86|ATG
86|ATT
86|CAG
86|CAT
86|CCG
86|CGC
86|CTG
86|GAA
86|GAT
86|GCG
86|GGC
86|GTG
86|TAT
86|TGC
86|TGG
86|TTT
87|AAA
87|AAC
87|AGC
87|ATG
87|ATT
87|CAG
87|CAT
87|CCG
87|CGC
87|CTG
87|GAA
87|GAT
87|GCG
87|GGC
87|GTG
87|TAT
87|TGC
87|TGG
87|TTT
88|AAC
88|ACC
88|AGC
88|ATG
88|ATT
88|CAG
88|CAT
88|CCG
88|CGC
88|CTG
88|GAA
88|GAT
88|GCG
88|GGC
88|GTG
88|TAT
88|TGC
88|TGG
88|TTT
89|AAA
89|AAC
89|ACC
89|ATG
89|ATT
89|CAG
89|CAT
89|CCG
89|CGC
89|CTG
89|GAA
89|GAT
89|GCG
89|GGC
89|GTG
89|TAT
89|TGC
89|TGG
89|TTT
90|AAA
90|AAC
90|ACC
90|AGC
90|ATG
90|ATT
90|CAG
90|CAT
90|CCG
90|CGC
90|CTG
90|GAA
90|GAT
90|GCG
90|GGC
90|GTG
90|TAT
90|TGC
90|TGG
91|AAA
91|AAC
91|ACC
91|AGC
91|ATG
91|ATT
91|CAG
91|CAT
91|CCG
91|CGC
91|CTG
91|GAT
91|GCG
91|GGC
91|GTG
91|TAT
91|TGC
91|TGG
91|TTT
92|AAA
92|AAC
92|ACC
92|AGC
92|ATG
92|ATT
92|CAG
92|CAT
92|CCG
92|CGC
92|CTG
92|GAA
92|GCG
92|GGC
92|GTG
92|TAT
92|TGC
92|TGG
92|TTT
93|AAA
93|AAC
93|ACC
93|AGC
93|ATG
93|CAG
93|CAT
93|CCG
93|CGC
93|GAA
93|GAT
93|GCG
93|GGC
93|GTG
93|TAT
93|TGC
93|TGG
93|TTA
93|TTT
94|AAA
94|AAC
94|ACC
94|AGC
94|ATG
94|ATT
94|CAG
94|CCG
94|CGC
94|CTG
94|GAA
94|GAT
94|GCG
94|GGC
94|GTG
94|TAT
94|TGC
94|TGG
94|TTT
95|AAA
95|AAC
95|ACC
95|AGC
95|ATG
95|ATT
95|CAG
95|CCG
95|CGC
95|CTG
95|GAA
95|GAT
95|GCC
95|GGC
95|GTG
95|TAT
95|TGC
95|TGG
95|TTT
96|AAA
96|AAC
96|ACC
96|AGC
96|ATG
96|ATT
96|CAG
96|CAT
96|CCG
96|CGC
96|CTG
96|GAA
96|GAT
96|GCG
96|GGC
96|GTG
96|TGC
96|TGG
96|TTT
97|AAA
97|AAC
97|ACC
97|AGC
97|ATG
97|ATT
97|CAG
97|CAT
97|CCG
97|CTG
97|GAA
97|GAT
97|GCG
97|GGC
97|GTG
97|TAT
97|TGC
97|TGG
97|TTT
98|AAA
98|AAC
98|ACC
98|AGC
98|ATG
98|ATT
98|CAG
98|CAT
98|CCG
98|CGC
98|CTG
98|GAT
98|GCG
98|GGC
98|GTG
98|TAC
98|TGC
98|TGG
98|TTT
99|AAA
99|AAC
99|ACC
99|AGC
99|ATG
99|ATT
99|CAT
99|CCG
99|CGC
99|CTG
99|GAA
99|GAT
99|GCG
99|GGC
99|GTG
99|TAT
99|TGC
99|TGG
99|TTT
100|AAA
100|AAC
100|ACC
100|AGC
100|ATG
100|CAG
100|CAT
100|CCG
100|CGC
100|CTG
100|GAA
100|GAT
100|GCG
100|GGC
100|GTG
100|TAT
100|TGC
100|TGG
100|TTT
101|AAC
101|ACC
101|AGC
101|ATG
101|ATT
101|CAG
101|CAT
101|CCG
101|CGC
101|CTG
101|GAA
101|GAT
101|GCG
101|GGC
101|GTG
101|TAT
101|TGC
101|TGG
101|TTT
102|AAA
102|AAC
102|ACC
102|AGC
102|ATG
102|ATT
102|CAG
102|CAT
102|CCG
102|CTG
102|GAA
102|GAT
102|GCG
102|GGC
102|GTG
102|TAT
102|TGC
102|TGG
102|TTT
103|AAA
103|AAC
103|ACC
103|AGC
103|ATG
103|ATT
103|CAG
103|CAT
103|CCG
103|CGC
103|CTG
103|GAA
103|GAT
103|GCG
103|GGC
103|TAT
103|TGC
103|TGG
103|TTT
104|AAC
104|ACC
104|AGC
104|ATG
104|ATT
104|CAG
104|CAT
104|CCG
104|CGC
104|CTG
104|GAA
104|GAT
104|GCG
104|GGC
104|GTG
104|TAT
104|TGC
104|TGG
104|TTT
105|AAA
105|AAC
105|ACC
105|AGC
105|ATG
105|ATT
105|CAG
105|CAT
105|CCG
105|CGC
105|CTG
105|GAA
105|GCG
105|GGC
105|GTG
105|TAT
105|TGC
105|TGG
105|TTT
106|AAA
106|AAC
106|ACC
106|ATG
106|ATT
106|CAG
106|CAT
106|CCG
106|CGC
106|CTG
106|GAA
106|GAT
106|GCG
106|GGC
106|GTG
106|TAT
106|TGC
106|TGG
106|TTT
107|AAA
107|AAC
107|ACC
107|AGC
107|ATG
107|ATT
107|CAG
107|CAT
107|CCG
107|CGC
107|CTG
107|GAT
107|GCG
107|GGC
107|GTG
107|TAT
107|TGC
107|TGG
107|TTT
108|AAA
108|AAC
108|ACC
108|AGC
108|ATG
108|ATT
108|CAG
108|CAT
108|CCG
108|CGT
108|CTG
108|GAA
108|GCG
108|GGC
108|GTG
108|TAT
108|TGC
108|TGG
108|TTT
109|AAA
109|AAC
109|ACC
109|AGC
109|ATG
109|ATT
109|CAG
109|CAT
109|CCG
109|CGC
109|GAA
109|GAT
109|GCG
109|GGC
109|TAT
109|TGC
109|TGG
109|TTA
109|TTT
110|AAA
110|AAC
110|ACC
110|AGC
110|ATG
110|ATT
110|CAG
110|CAT
110|CGC
110|CTG
110|GAA
110|GAT
110|GCG
110|GGC
110|GTG
110|TAT
110|TGC
110|TGG
110|TTT
111|AAA
111|AAC
111|ACC
111|AGC
111|ATT
111|CAG
111|CAT
111|CCG
111|CGC
111|CTG
111|GAA
111|GAT
111|GCG
111|GGC
111|GTG
111|TAT
111|TGC
111|TGG
111|TTT
112|AAA
112|AAC
112|ACC
112|AGC
112|ATG
112|ATT
112|CAG
112|CAT
112|CCG
112|CGC
112|CTG
112|GAA
112|GAT
112|GCG
112|GGC
112|TAT
112|TGC
112|TGG
112|TTT
113|AAA
113|AAC
113|ACC
113|AGC
113|ATG
113|ATT
113|CAG
113|CAT
113|CCG
113|CGC
113|GAA
113|GAT
113|GCG
113|GGC
113|GTG
113|TAT
113|TGC
113|TGG
113|TTT
114|AAA
114|AAC
114|ACC
114|AGC
114|ATG
114|ATT
114|CAG
114|CAT
114|CCG
114|CGC
114|CTG
114|GAA
114|GAT
114|GCG
114|GGC
114|TAT
114|TGC
114|TGG
114|TTT
115|AAA
115|AAC
115|ACC
115|AGC
115|ATG
115|ATT
115|CAG
115|CAT
115|CCG
115|CGC
115|CTG
115|GAA
115|GAT
115|GCG
115|GTG
115|TAT
115|TGC
115|TGG
115|TTT
116|AAA
116|ACC
116|AGC
116|ATG
116|ATT
116|CAG
116|CAT
116|CCG
116|CGC
116|CTG
116|GAA
116|GAT
116|GCG
116|GGC
116|GTG
116|TAT
116|TGC
116|TGG
116|TTT
117|AAC
117|ACC
117|AGC
117|ATG
117|ATT
117|CAG
117|CAT
117|CCG
117|CGC
117|CTG
117|GAA
117|GAT
117|GCC
117|GGC
117|GTG
117|TAT
117|TGC
117|TGG
117|TTT
118|AAA
118|AAC
118|ACC
118|AGC
118|ATG
118|ATT
118|CAG
118|CAT
118|CCG
118|CGC
118|CTG
118|GAA
118|GAT
118|GCG
118|GGC
118|GTG
118|TAT
118|TGG
118|TTT
119|AAA
119|AAC
119|ACC
119|AGC
119|ATG
119|ATT
119|CAG
119|CAT
119|CCG
119|CGC
119|CTG
119|GAA
119|GCG
119|GGC
119|GTG
119|TAT
119|TGC
119|TGG
119|TTT
120|AAA
120|AAC
120|ACC
120|AGC
120|ATG
120|ATT
120|CAG
120|CAT
120|CCG
120|CGC
120|GAA
120|GAT
120|GCG
120|GGC
120|GTG
120|TAT
120|TGC
120|TGG
120|TTT
121|AAA
121|AAC
121|ACC
121|AGC
121|ATG
121|ATT
121|CAG
121|CAT
121|CGC
121|CTG
121|GAA
121|GAT
121|GCG
121|GGC
121|GTG
121|TAT
121|TGC
121|TGG
121|TTT
122|AAA
122|AAC
122|ACC
122|ATG
122|ATT
122|CAG
122|CAT
122|CCG
122|CGC
122|CTG
122|GAA
122|GAT
122|GCG
122|GGC
122|GTG
122|TAT
122|TGC
122|TGG
122|TTT
123|AAA
123|AAC
123|ACC
123|AGC
123|ATG
123|ATT
123|CAG
123|CAT
123|CCG
123|CTG
123|GAA
123|GAT
123|GCG
123|GGC
123|GTG
123|TAT
123|TGC
123|TGG
123|TTT
124|AAA
124|AAC
124|AGC
124|ATG
124|ATT
124|CAG
124|CAT
124|CCG
124|CGT
124|CTG
124|GAA
124|GAT
124|GCG
124|GGC
124|GTG
124|TAT
124|TGC
124|TGG
124|TTT
125|AAA
125|AAC
125|ACC
125|AGC
125|ATG
125|ATT
125|CAG
125|CAT
125|CCG
125|CGC
125|CTG
125|GAA
125|GAT
125|GCG
125|GGC
125|TAT
125|TGC
125|TGG
125|TTT
126|AAA
126|AAC
126|ACC
126|AGC
126|ATG
126|ATT
126|CAG
126|CAT
126|CCG
126|CGC
126|CTG
126|GAA
126|GCG
126|GGC
126|GTG
126|TAT
126|TGC
126|TGG
126|TTT
127|AAA
127|AAC
127|AGC
127|ATG
127|ATT
127|CAG
127|CAT
127|CCG
127|CGC
127|CTG
127|GAA
127|GAT
127|GCG
127|GGC
127|GTG
127|TAT
127|TGC
127|TGG
127|TTT
128|AAC
128|ACC
128|AGC
128|ATG
128|ATT
128|CAG
128|CAT
128|CCG
128|CGC
128|CTG
128|GAA
128|GAT
128|GCG
128|GGC
128|GTG
128|TAT
128|TGC
128|TGG
128|TTT
129|AAA
129|AAC
129|ACC
129|AGC
129|ATG
129|ATT
129|CAT
129|CCG
129|CGC
129|CTG
129|GAA
129|GAT
129|GCG
129|GGC
129|GTG
129|TAT
129|TGC
129|TGG
129|TTT
130|AAA
130|AAC
130|ACC
130|AGC
130|ATG
130|ATT
130|CAG
130|CAT
130|CCG
130|CGC
130|CTG
130|GAA
130|GAT
130|GGC
130|GTG
130|TAT
130|TGC
130|TGG
130|TTT
131|AAA
131|AAC
131|ACC
131|ATG
131|ATT
131|CAT
131|CCG
131|CGC
131|CTG
131|GAA
131|GAT
131|GCG
131|GGC
131|GTG
131|TAT
131|TCG
131|TGC
131|TGG
131|TTT
132|AAA
132|AAC
132|ACC
132|AGC
132|ATG
132|ATT
132|CAG
132|CAT
132|CCG
132|CGC
132|CTG
132|GAA
132|GCG
132|GGC
132|GTG
132|TAT
132|TGC
132|TGG
132|TTT
133|AAA
133|AAC
133|ACC
133|AGC
133|ATG
133|ATT
133|CAG
133|CAT
133|CCG
133|CGC
133|GAA
133|GAT
133|GCG
133|GGC
133|GTG
133|TAT
133|TGC
133|TGG
133|TTT
134|AAA
134|AAC
134|ACC
134|AGC
134|ATG
134|ATT
134|CAG
134|CAT
134|CCG
134|CGC
134|CTG
134|GAA
134|GAT
134|GGC
134|GTG
134|TAT
134|TGC
134|TGG
134|TTT
135|AAA
135|AAC
135|ACC
135|AGC
135|ATG
135|ATT
135|CAG
135|CAT
135|CCG
135|CTG
135|GAA
135|GAT
135|GCG
135|GGC
135|GTG
135|TAT
135|TGC
135|TGG
135|TTT
136|AAA
136|AAC
136|ACC
136|ATG
136|ATT
136|CAG
136|CAT
136|CCG
136|CGC
136|CTG
136|GAA
136|GAT
136|GCG
136|GGC
136|GTG
136|TAT
136|TGC
136|TGG
136|TTT
137|AAA
137|AAC
137|ACC
137|AGC
137|ATG
137|ATT
137|CAG
137|CAT
137|CCG
137|CGC
137|CTG
137|GAA
137|GAT
137|GCG
137|GGC
137|GTG
137|TGC
137|TGG
137|TTT
138|AAA
138|AAC
138|ACC
138|AGC
138|ATG
138|ATT
138|CAG
138|CAT
138|CCG
138|CGC
138|CTG
138|GAA
138|GAT
138|GCG
138|GTG
138|TAT
138|TGC
138|TGG
138|TTT
139|AAA
139|AAC
139|ACC
139|AGC
139|ATG
139|CAG
139|CAT
139|CCG
139|CGC
139|CTG
139|GAA
139|GAT
139|GCG
139|GGC
139|GTG
139|TAC
139|TGC
139|TGG
139|TTT
140|AAA
140|AAC
140|ACC
140|AGC
140|ATG
140|ATT
140|CAG
140|CAT
140|CGC
140|CTG
140|GAA
140|GAT
140|GCG
140|GGC
140|GTG
140|TAT
140|TGC
140|TGG
140|TTT
141|AAA
141|AAC
141|ACC
141|AGC
141|ATG
141|ATT
141|CAG
141|CAT
141|CCG
141|CGC
141|CTG
141|GAA
141|GAT
141|GCG
141|GGC
141|GTG
141|TAT
141|TGC
141|TGG
142|AAA
142|AAC
142|ACC
142|AGC
142|ATG
142|CAG
142|CAT
142|CCG
142|CGC
142|CTG
142|GAA
142|GAT
142|GCG
142|GGC
142|GTG
142|TAT
142|TGC
142|TGG
142|TTT
143|AAA
143|AAC
143|ACC
143|AGC
143|ATG
143|ATT
143|CAG
143|CAT
143|CCG
143|CGC
143|CTG
143|GAT
143|GCG
143|GGC
143|GTG
143|TAT
143|TGC
143|TGG
143|TTT
144|AAA
144|AAC
144|AGC
144|ATG
144|ATT
144|CAG
144|CAT
144|CCG
144|CGC
144|CTG
144|GAA
144|GAT
144|GCG
144|GGC
144|GTG
144|TAT
144|TGC
144|TGG
144|TTT
145|AAA
145|AAC
145|ACC
145|ATG
145|ATT
145|CAG
145|CAT
145|CCG
145|CGC
145|CTG
145|GAA
145|GAT
145|GCG
145|GGC
145|GTG
145|TAT
145|TGC
145|TGG
145|TTT
146|AAA
146|AAC
146|ACC
146|AGC
146|ATG
146|ATT
146|CAG
146|CAT
146|CCG
146|CGC
146|CTG
146|GAA
146|GAT
146|GGC
146|GTG
146|TAT
146|TGC
146|TGG
146|TTT
147|AAC
147|ACC
147|AGC
147|ATG
147|ATT
147|CAG
147|CAT
147|CCG
147|CGC
147|CTG
147|GAA
147|GAT
147|GCG
147|GGC
147|GTG
147|TAT
147|TGC
147|TGG
147|TTT
148|AAA
148|AAC
148|AGC
148|ATG
148|ATT
148|CAG
148|CAT
148|CCG
148|CGC
148|CTG
148|GAA
148|GAT
148|GCG
148|GGC
148|GTG
148|TAT
148|TGC
148|TGG
148|TTT
149|AAA
149|AAC
149|ACC
149|AGC
149|ATG
149|ATT
149|CAG
149|CAT
149|CCG
149|CTG
149|GAA
149|GAT
149|GCG
149|GGC
149|GTG
149|TAT
149|TGC
149|TGG
149|TTT
150|AAA
150|AAC
150|ACC
150|AGC
150|ATG
150|ATT
150|CAT
150|CCG
150|CGC
150|CTG
150|GAA
150|GAT
150|GCG
150|GGC
150|GTG
150|TAT
150|TGC
150|TGG
150|TTT
151|AAA
151|AAC
151|ACC
151|AGC
151|ATG
151|ATT
151|CAG
151|CAT
151|CCG
151|CGC
151|CTG
151|GAA
151|GAT
151|GCG
151|GTG
151|TAT
151|TGC
151|TGG
151|TTT
152|AAA
152|AAC
152|ACC
152|AGC
152|ATG
152|ATT
152|CAG
152|CAT
152|CCG
152|CGC
152|CTG
152|GAA
152|GAT
152|GCG
152|GGC
152|TAT
152|TGC
152|TGG
152|TTT
153|AAA
153|AAC
153|ACC
153|AGC
153|ATG
153|ATT
153|CAG
153|CAT
153|CCG
153|CGC
153|CTG
153|GAA
153|GCG
153|GGC
153|GTG
153|TAT
153|TGC
153|TGG
153|TTT
154|AAA
154|AAC
154|ACC
154|AGC
154|ATG
154|ATT
154|CAG
154|CAT
154|CCG
154|CGC
154|CTG
154|GAA
154|GCG
154|GGC
154|GTG
154|TAT
154|TGC
154|TGG
154|TTT
155|AAA
155|AAC
155|ACC
155|AGC
155|ATG
155|ATT
155|CAG
155|CAT
155|CCG
155|CGC
155|CTG
155|GAA
155|GAT
155|GGC
155|GTG
155|TAT
155|TGC
155|TGG
155|TTT
156|AAA
156|AAC
156|ACC
156|AGC
156|ATG
156|ATT
156|CAG
156|CAT
156|CCG
156|CGC
156|CTG
156|GAA
156|GAT
156|GCG
156|GGC
156|GTG
156|TAT
156|TGC
156|TGG
157|AAA
157|AAC
157|ACC
157|AGC
157|ATG
157|ATT
157|CAG
157|CAT
157|CCG
157|CGC
157|CTG
157|GAA
157|GAT
157|GCG
157|GGC
157|GTG
157|TGC
157|TGG
157|TTT
158|AAA
158|AAC
158|AGC
158|ATG
158|ATT
158|CAG
158|CAT
158|CCG
158|CGC
158|CTG
158|GAA
158|GAT
158|GCG
158|GGC
158|GTG
158|TAT
158|TGC
158|TGG
158|TTT
159|AAA
159|AAC
159|ACC
159|AGC
159|ATG
159|ATT
159|CAG
159|CAT
159|CCG
159|CGT
159|GAA
159|GAT
159|GCG
159|GGC
159|GTG
159|TAT
159|TGC
159|TGG
159|TTT
160|AAA
160|AAC
160|ACC
160|AGC
160|ATG
160|ATT
160|CAG
160|CAT
160|CCG
160|CGC
160|CTG
160|GAA
160|GAT
160|GCG
160|GGC
160|TAT
160|TGC
160|TGG
160|TTT
161|AAA
161|AAC
161|ACC
161|AGC
161|ATG
161|ATT
161|CAG
161|CAT
161|CCG
161|CTG
161|GAA
161|GAT
161|GCG
161|GGC
161|GTG
161|TAT
161|TGC
161|TGG
161|TTT
162|AAA
162|AAC
162|ACC
162|AGC
162|ATG
162|ATT
162|CAG
162|CAT
162|CCG
162|CGC
162|CTG
162|GAT
162|GCG
162|GGC
162|GTG
162|TAT
162|TGC
162|TGG
162|TTT
163|AAA
163|AAC
163|ACC
163|AGC
163|ATG
163|CAG
163|CAT
163|CCG
163|CGC
163|CTG
163|GAA
163|GAT
163|GCG
163|GGC
163|GTG
163|TAT
163|TGC
163|TGG
163|TTT
164|AAA
164|AAC
164|ACC
164|AGC
164|ATG
164|ATT
164|CAG
164|CAT
164|CCG
164|CTG
164|GAA
164|GAT
164|GCG
164|GGC
164|GTG
164|TAT
164|TGC
164|TGG
164|TTT
165|AAC
165|ACC
165|AGC
165|ATG
165|ATT
165|CAG
165|CAT
165|CCG
165|CGC
165|CTG
165|GAA
165|GAT
165|GCG
165|GGC
165|GTG
165|TAC
165|TGC
165|TGG
165|TTT
166|AAA
166|AAC
166|ACC
166|AGC
166|ATG
166|ATT
166|CAG
166|CCG
166|CGC
166|CTG
166|GAA
166|GAT
166|GCG
166|GGC
166|GTG
166|TAT
166|TGC
166|TGG
166|TTT
167|AAC
167|ACC
167|AGC
167|ATG
167|ATT
167|CAG
167|CAT
167|CCG
167|CGC
167|CTG
167|GAA
167|GAT
167|GCG
167|GGC
167|GTG
167|TAT
167|TGC
167|TGG
167|TTT
168|AAA
168|AAC
168|ACC
168|AGC
168|ATG
168|ATT
168|CAG
168|CAT
168|CCG
168|CGC
168|CTG
168|GAT
168|GCG
168|GGC
168|GTG
168|TAT
168|TGC
168|TGG
168|TTT
169|AAC
169|ACC
169|AGC
169|ATG
169|ATT
169|CAG
169|CAT
169|CCG
169|CGC
169|CTG
169|GAA
169|GAT
169|GCG
169|GGC
169|GTG
169|TAT
169|TGC
169|TGG
169|TTT
170|AAA
170|AAC
170|ACC
170|AGC
170|ATT
170|CAG
170|CAT
170|CCG
170|CGC
170|CTG
170|GAA
170|GAT
170|GCG
170|GGC
170|GTG
170|TAT
170|TGC
170|TGG
170|TTT
171|AAA
171|AAC
171|ACC
171|ATG
171|ATT
171|CAG
171|CAT
171|CCG
171|CGC
171|CTG
171|GAA
171|GAT
171|GCG
171|GGC
171|GTG
171|TAT
171|TGC
171|TGG
171|TTT
172|AAC
172|ACC
172|AGC
172|ATG
172|ATT
172|CAG
172|CAT
172|CCG
172|CGC
172|CTG
172|GAA
172|GAT
172|GCG
172|GGC
172|GTG
172|TAT
172|TGC
172|TGG
172|TTT
173|AAA
173|AAC
173|ACC
173|AGC
173|ATG
173|ATT
173|CAG
173|CAT
173|CCG
173|CGC
173|CTG
173|GAA
173|GCG
173|GGC
173|GTG
173|TAT
173|TGC
173|TGG
173|TTT
174|AAA
174|AAC
174|ACC
174|AGC
174|ATG
174|ATT
174|CAG
174|CAT
174|CCG
174|CGC
174|GAA
174|GAT
174|GCG
174|GTG
174|TAT
174|TGC
174|TGG
174|TTA
174|TTT
175|AAC
175|ACC
175|AGC
175|ATG
175|ATT
175|CAG
175|CAT
175|CCG
175|CGC
175|CTG
175|GAA
175|GAT
175|GCG
175|GGC
175|GTG
175|TAT
175|TGC
175|TGG
175|TTT
176|AAC
176|ACC
176|AGC
176|ATG
176|ATT
176|CAG
176|CAT
176|CCG
176|CGC
176|CTG
176|GAA
176|GAT
176|GCG
176|GGC
176|GTG
176|TAT
176|TGC
176|TGG
176|TTT
177|AAC
177|ACC
177|AGC
177|ATG
177|ATT
177|CAG
177|CAT
177|CCG
177|CGC
177|CTG
177|GAA
177|GAT
177|GCG
177|GGC
177|GTG
177|TAT
177|TGC
177|TGG
177|TTT
178|AAC
178|ACC
178|AGC
178|ATG
178|ATT
178|CAG
178|CAT
178|CCG
178|CGC
178|CTG
178|GAA
178|GAT
178|GCG
178|GGC
178|GTG
178|TAT
178|TGC
178|TGG
178|TTT
179|AAC
179|ACC
179|AGC
179|ATG
179|ATT
179|CAG
179|CAT
179|CCG
179|CGC
179|CTG
179|GAA
179|GAT
179|GCG
179|GGC
179|GTG
179|TAT
179|TGC
179|TGG
179|TTT
180|AAC
180|ACC
180|AGC
180|ATG
180|ATT
180|CAG
180|CAT
180|CCG
180|CGC
180|CTG
180|GAA
180|GAT
180|GCG
180|GGC
180|GTG
180|TAT
180|TGC
180|TGG
180|TTT
181|AAA
181|AAC
181|ACC
181|ATG
181|ATT
181|CAG
181|CAT
181|CCG
181|CGC
181|CTG
181|GAA
181|GAT
181|GCG
181|GGC
181|GTG
181|TAT
181|TGC
181|TGG
181|TTT
182|AAC
182|ACC
182|AGC
182|ATG
182|ATT
182|CAG
182|CAT
182|CCG
182|CGC
182|CTG
182|GAA
182|GAT
182|GCG
182|GGC
182|GTG
182|TAT
182|TGC
182|TGG
182|TTT
183|AAA
183|AAC
183|AGC
183|ATG
183|ATT
183|CAG
183|CAT
183|CCG
183|CGC
183|CTG
183|GAA
183|GAT
183|GCG
183|GGC
183|GTG
183|TAT
183|TGC
183|TGG
183|TTT
184|AAC
184|ACC
184|AGC
184|ATG
184|ATT
184|CAG
184|CAT
184|CCG
184|CGC
184|CTG
184|GAA
184|GAT
184|GCG
184|GGC
184|GTG
184|TAT
184|TGC
184|TGG
184|TTT
185|AAA
185|AAC
185|ACC
185|AGC
185|ATG
185|ATT
185|CAG
185|CAT
185|CCG
185|CGC
185|CTG
185|GAA
185|GAT
185|GCG
185|GGC
185|GTG
185|TAT
185|TGG
185|TTT
186|AAA
186|AAC
186|ACC
186|AGC
186|ATG
186|ATT
186|CAG
186|CAT
186|CCG
186|CGC
186|CTG
186|GAA
186|GAT
186|GCG
186|GGC
186|TAT
186|TGC
186|TGG
186|TTT
187|AAA
187|AAC
187|ACC
187|AGC
187|ATG
187|CAG
187|CAT
187|CCG
187|CGC
187|CTG
187|GAA
187|GAT
187|GCG
187|GGC
187|GTG
187|TAT
187|TGC
187|TGG
187|TTT
188|AAA
188|AAC
188|ACC
188|AGC
188|ATT
188|CAG
188|CAT
188|CCG
188|CGC
188|CTG
188|GAA
188|GAT
188|GCG
188|GGC
188|GTG
188|TAT
188|TGC
188|TGG
188|TTT
189|AAA
189|AAC
189|ACC
189|AGC
189|ATG
189|ATT
189|CAG
189|CAT
189|CCG
189|CGC
189|CTG
189|GAA
189|GAT
189|GCG
189|GGC
189|TGC
189|TGG
189|TTT